<?xml version="1.0" encoding="UTF-8"?>
<con:soapui-project id="2f73542a-c09f-44fe-9b1b-1008be18c611" created="3.64.0" activeEnvironment="Default environment" encryptionMode="Not encrypted" name="REST Project 2" projectVersion="" updated="3.64.0 2025-12-11T09:36:10Z" resourceRoot="${projectDir}" xmlns:con="http://eviware.com/soapui/config">
  <con:settings/>
  <con:interface xsi:type="con:RestService" id="02680550-0c96-4230-9b81-bb25831f12b3" lastUpdated="2026-01-07T09:43:21.875+05:30" wadlVersion="http://wadl.dev.java.net/2009/02" name="https://petstore.swagger.io" type="rest" xmlns:xsi="http://www.w3.org/2001/XMLSchema-instance">
    <con:settings id="48490106-e88a-4249-ab25-725fa101594d"/>
    <con:definitionCache type="TEXT" rootPart=""/>
    <con:endpoints>
      <con:endpoint>https://petstore.swagger.io</con:endpoint>
    </con:endpoints>
    <con:resource name="User" path="/v2/user" id="cb0d5f31-46a3-45a5-9e08-63f13d300ea4">
      <con:settings/>
      <con:parameters/>
      <con:resource name="login" path="login" id="8089cbfd-bc3b-49bd-8ac7-43394644db0c">
        <con:settings/>
        <con:parameters>
          <con:parameter required="true">
            <con:name>username</con:name>
            <con:value>{username}</con:value>
            <con:style>QUERY</con:style>
            <con:default>{username}</con:default>
          </con:parameter>
          <con:parameter required="true">
            <con:name>password</con:name>
            <con:value>{password}</con:value>
            <con:style>QUERY</con:style>
            <con:default>{password}</con:default>
          </con:parameter>
        </con:parameters>
        <con:method name="Method 1" id="ae70d194-27ca-4f5c-b735-953936292025" method="GET">
          <con:settings/>
          <con:parameters/>
          <con:representation type="RESPONSE">
            <con:mediaType>application/json</con:mediaType>
            <con:status>200</con:status>
            <con:params/>
            <con:element xmlns:log="https://petstore.swagger.io/v2/user/login">log:Response</con:element>
          </con:representation>
          <con:request name="Request 1" id="cc6615b9-7bd9-440e-a113-ae55ca98a22e" mediaType="application/json">
            <con:settings/>
            <con:endpoint>https://petstore.swagger.io</con:endpoint>
            <con:request/>
            <con:credentials>
              <con:selectedAuthProfile>No Authorization</con:selectedAuthProfile>
              <con:authType>No Authorization</con:authType>
            </con:credentials>
            <con:jmsConfig JMSDeliveryMode="PERSISTENT"/>
            <con:parameters/>
          </con:request>
        </con:method>
      </con:resource>
      <con:resource name="{username}" path="{username}" id="79ea4a49-f475-4cad-b903-068568c0e91f">
        <con:settings/>
        <con:parameters>
          <con:parameter required="true">
            <con:name>username</con:name>
            <con:value>username</con:value>
            <con:style>TEMPLATE</con:style>
            <con:default>username</con:default>
          </con:parameter>
        </con:parameters>
        <con:method name="Method 1" id="4d2cc693-25e8-4f72-aff7-5a7840aa3db9" method="GET">
          <con:settings/>
          <con:parameters/>
          <con:representation type="RESPONSE">
            <con:mediaType>application/json</con:mediaType>
            <con:status>200</con:status>
            <con:params/>
            <con:element xmlns:sky="https://petstore.swagger.io/v2/user/sky">sky:Response</con:element>
          </con:representation>
          <con:representation type="FAULT">
            <con:mediaType>application/json</con:mediaType>
            <con:status>404</con:status>
            <con:params/>
            <con:element xmlns:sky="https://petstore.swagger.io/v2/user/sky">sky:Fault</con:element>
          </con:representation>
          <con:request name="Request 1" id="458c4a5c-c77e-4d86-90b8-0e694f4d9982" mediaType="application/json">
            <con:settings>
              <con:setting id="com.eviware.soapui.impl.wsdl.WsdlRequest@request-headers">&lt;xml-fragment/></con:setting>
            </con:settings>
            <con:endpoint>https://petstore.swagger.io</con:endpoint>
            <con:request/>
            <con:originalUri>https://petstore.swagger.io/v2/user/sky</con:originalUri>
            <con:credentials>
              <con:selectedAuthProfile>No Authorization</con:selectedAuthProfile>
              <con:authType>No Authorization</con:authType>
            </con:credentials>
            <con:jmsConfig JMSDeliveryMode="PERSISTENT"/>
            <con:parameters>
              <con:entry key="username" value="sky"/>
            </con:parameters>
          </con:request>
        </con:method>
        <con:method name="Method 2" id="1400efcf-2f33-47a6-ab6b-71ce56c17f00" method="DELETE">
          <con:settings/>
          <con:parameters/>
          <con:representation type="REQUEST">
            <con:mediaType>application/json</con:mediaType>
            <con:params/>
          </con:representation>
          <con:representation type="RESPONSE">
            <con:mediaType>application/json</con:mediaType>
            <con:status>200</con:status>
            <con:params/>
            <con:element xmlns:sky="https://petstore.swagger.io/v2/user/sky">sky:Response</con:element>
          </con:representation>
          <con:representation type="FAULT">
            <con:mediaType xsi:nil="true"/>
            <con:status>404</con:status>
            <con:params/>
            <con:element>data</con:element>
          </con:representation>
          <con:request name="Request 1" id="81519034-1ff9-44bd-a6fb-89d64cf99da7" mediaType="application/json" postQueryString="false">
            <con:settings/>
            <con:endpoint>https://petstore.swagger.io</con:endpoint>
            <con:request/>
            <con:credentials>
              <con:selectedAuthProfile>No Authorization</con:selectedAuthProfile>
              <con:authType>No Authorization</con:authType>
            </con:credentials>
            <con:jmsConfig JMSDeliveryMode="PERSISTENT"/>
            <con:parameters/>
          </con:request>
        </con:method>
      </con:resource>
      <con:resource name="logout" path="logout" id="c16c044f-893a-485a-8e6b-968ea55ad745">
        <con:settings/>
        <con:parameters/>
        <con:method name="Method 1" id="c8cbcabb-4c17-4d45-b69d-4de4aa326bc5" method="GET">
          <con:settings/>
          <con:parameters/>
          <con:representation type="RESPONSE">
            <con:mediaType>application/json</con:mediaType>
            <con:status>200</con:status>
            <con:params/>
            <con:element xmlns:log="https://petstore.swagger.io/v2/user/logout">log:Response</con:element>
          </con:representation>
          <con:request name="Request 1" id="752c434b-6971-4187-b1b5-b977ab39d6f5" mediaType="application/json">
            <con:settings/>
            <con:endpoint>https://petstore.swagger.io</con:endpoint>
            <con:request/>
            <con:credentials>
              <con:selectedAuthProfile>No Authorization</con:selectedAuthProfile>
              <con:authType>No Authorization</con:authType>
            </con:credentials>
            <con:jmsConfig JMSDeliveryMode="PERSISTENT"/>
            <con:parameters/>
          </con:request>
        </con:method>
      </con:resource>
      <con:method name="User" id="ec86e08c-2f07-4260-9a64-91b04dde3f52" method="POST">
        <con:settings/>
        <con:parameters/>
        <con:representation type="REQUEST">
          <con:mediaType>application/json</con:mediaType>
          <con:params/>
        </con:representation>
        <con:representation type="RESPONSE">
          <con:mediaType>application/json</con:mediaType>
          <con:status>200</con:status>
          <con:params/>
          <con:element xmlns:user="https://petstore.swagger.io/v2/user">user:Response</con:element>
        </con:representation>
        <con:request name="Request 1" id="11d0c4cf-4a75-415b-b637-7d7477207630" mediaType="application/json">
          <con:settings/>
          <con:endpoint>https://petstore.swagger.io</con:endpoint>
          <con:credentials>
            <con:selectedAuthProfile>No Authorization</con:selectedAuthProfile>
            <con:authType>No Authorization</con:authType>
          </con:credentials>
          <con:parameters/>
        </con:request>
      </con:method>
    </con:resource>
  </con:interface>
  <con:testSuite id="47b9541b-b97b-4e54-a081-28c73e21a871" name="https://petstore.swagger.io Test Suite">
    <con:settings id="eff9c4f2-9eae-4cb6-a70d-a7af7c9612cc"/>
    <con:runType>SEQUENTIAL</con:runType>
    <con:testCase id="21af041e-13dd-4eb4-9dde-9a71250d809d" discardOkResults="false" failOnError="false" failTestCaseOnErrors="true" keepSession="false" name="Test Case" searchProperties="true" timeout="0">
      <con:settings/>
      <con:testStep type="restrequest" name="Create User" id="d20ec338-a75b-4a69-83ec-35eb3f99a939">
        <con:settings/>
        <con:config service="https://petstore.swagger.io" resourcePath="/v2/user" methodName="User" xsi:type="con:RestRequestStep" xmlns:xsi="http://www.w3.org/2001/XMLSchema-instance">
          <con:restRequest name="Create User" id="11d0c4cf-4a75-415b-b637-7d7477207630" mediaType="application/json" postQueryString="false">
            <con:settings>
              <con:setting id="com.eviware.soapui.impl.wsdl.WsdlRequest@request-headers">&lt;xml-fragment/></con:setting>
            </con:settings>
            <con:endpoint>https://petstore.swagger.io</con:endpoint>
            <con:request>{
  "id": 343549,
  "username": "sky",
  "firstName": "jems",
  "lastName": "king",
  "email": "jems.king@gmail.com",
  "password": "ruskhdkh123",
  "phone": "1231231234",
  "userStatus": 0
}</con:request>
            <con:originalUri>https://petstore.swagger.io/v2/user</con:originalUri>
            <con:assertion type="Valid HTTP Status Codes" id="01458513-7757-49d8-b276-4f5f98688326" name="Valid HTTP Status Codes">
              <con:settings/>
              <con:configuration>
                <codes>200</codes>
              </con:configuration>
            </con:assertion>
            <con:credentials>
              <con:selectedAuthProfile>No Authorization</con:selectedAuthProfile>
              <con:authType>No Authorization</con:authType>
            </con:credentials>
            <con:jmsConfig JMSDeliveryMode="PERSISTENT"/>
            <con:parameters/>
          </con:restRequest>
        </con:config>
      </con:testStep>
      <con:testStep type="restrequest" name="Login" id="670ff13e-f76a-466e-addc-7d224f9b980d">
        <con:settings/>
        <con:config service="https://petstore.swagger.io" resourcePath="/v2/user/login" methodName="Method 1" xsi:type="con:RestRequestStep" xmlns:xsi="http://www.w3.org/2001/XMLSchema-instance">
          <con:restRequest name="Login" id="cc6615b9-7bd9-440e-a113-ae55ca98a22e" mediaType="application/json">
            <con:settings>
              <con:setting id="com.eviware.soapui.impl.wsdl.WsdlRequest@request-headers">&lt;xml-fragment/></con:setting>
            </con:settings>
            <con:endpoint>https://petstore.swagger.io</con:endpoint>
            <con:request/>
            <con:originalUri>https://petstore.swagger.io/v2/user/login</con:originalUri>
            <con:assertion type="Valid HTTP Status Codes" id="78d01bc1-4ffe-49da-ae8b-f4889911af90" name="Valid HTTP Status Codes">
              <con:settings/>
              <con:configuration>
                <codes>200</codes>
              </con:configuration>
            </con:assertion>
            <con:credentials>
              <con:selectedAuthProfile>No Authorization</con:selectedAuthProfile>
              <con:authType>No Authorization</con:authType>
            </con:credentials>
            <con:jmsConfig JMSDeliveryMode="PERSISTENT"/>
            <con:parameters>
              <con:entry key="password" value="ruskhdkh123"/>
              <con:entry key="username" value="sky"/>
            </con:parameters>
          </con:restRequest>
        </con:config>
      </con:testStep>
      <con:testStep type="restrequest" name="Get User" id="da74e77b-7dbe-46d0-99a5-a379fa78b02e">
        <con:settings/>
        <con:config service="https://petstore.swagger.io" resourcePath="/v2/user/{username}" methodName="Method 1" xsi:type="con:RestRequestStep" xmlns:xsi="http://www.w3.org/2001/XMLSchema-instance">
          <con:restRequest name="Get User" id="458c4a5c-c77e-4d86-90b8-0e694f4d9982" mediaType="application/json">
            <con:settings>
              <con:setting id="com.eviware.soapui.impl.wsdl.WsdlRequest@request-headers">&lt;xml-fragment/></con:setting>
            </con:settings>
            <con:endpoint>https://petstore.swagger.io</con:endpoint>
            <con:request/>
            <con:originalUri>https://petstore.swagger.io/v2/user/sky</con:originalUri>
            <con:assertion type="Valid HTTP Status Codes" id="f280492f-5389-42b0-8005-cc06f7a6cfbb" name="Valid HTTP Status Codes">
              <con:settings/>
              <con:configuration>
                <codes>200</codes>
              </con:configuration>
            </con:assertion>
            <con:credentials>
              <con:selectedAuthProfile>No Authorization</con:selectedAuthProfile>
              <con:authType>No Authorization</con:authType>
            </con:credentials>
            <con:jmsConfig JMSDeliveryMode="PERSISTENT"/>
            <con:parameters>
              <con:entry key="username" value="sky"/>
            </con:parameters>
          </con:restRequest>
        </con:config>
      </con:testStep>
      <con:testStep type="restrequest" name="Logout" id="d1acd231-15ba-4921-bbea-8017362e968c">
        <con:settings/>
        <con:config service="https://petstore.swagger.io" resourcePath="/v2/user/logout" methodName="Method 1" xsi:type="con:RestRequestStep" xmlns:xsi="http://www.w3.org/2001/XMLSchema-instance">
          <con:restRequest name="Logout" id="752c434b-6971-4187-b1b5-b977ab39d6f5" mediaType="application/json">
            <con:settings>
              <con:setting id="com.eviware.soapui.impl.wsdl.WsdlRequest@request-headers">&lt;xml-fragment/></con:setting>
            </con:settings>
            <con:endpoint>https://petstore.swagger.io</con:endpoint>
            <con:request/>
            <con:originalUri>https://petstore.swagger.io/v2/user/logout</con:originalUri>
            <con:assertion type="Valid HTTP Status Codes" id="1e8464f4-a54a-4b5c-b692-8b2822d9033e" name="Valid HTTP Status Codes">
              <con:settings/>
              <con:configuration>
                <codes>200</codes>
              </con:configuration>
            </con:assertion>
            <con:credentials>
              <con:selectedAuthProfile>No Authorization</con:selectedAuthProfile>
              <con:authType>No Authorization</con:authType>
            </con:credentials>
            <con:jmsConfig JMSDeliveryMode="PERSISTENT"/>
            <con:parameters/>
          </con:restRequest>
        </con:config>
      </con:testStep>
      <con:testStep type="restrequest" name="Delete User" id="4695b355-257c-4cd0-a0db-434c890df72a">
        <con:settings/>
        <con:config service="https://petstore.swagger.io" resourcePath="/v2/user/{username}" methodName="Method 2" xsi:type="con:RestRequestStep" xmlns:xsi="http://www.w3.org/2001/XMLSchema-instance">
          <con:restRequest name="Delete User" id="81519034-1ff9-44bd-a6fb-89d64cf99da7" mediaType="application/json" postQueryString="false">
            <con:settings>
              <con:setting id="com.eviware.soapui.impl.wsdl.WsdlRequest@request-headers">&lt;xml-fragment/></con:setting>
            </con:settings>
            <con:endpoint>https://petstore.swagger.io</con:endpoint>
            <con:request/>
            <con:originalUri>https://petstore.swagger.io/v2/user/sky</con:originalUri>
            <con:assertion type="Valid HTTP Status Codes" id="2e400e03-f8e2-4fcb-ad2c-76486364d8f3" name="Valid HTTP Status Codes">
              <con:settings/>
              <con:configuration>
                <codes>200</codes>
              </con:configuration>
            </con:assertion>
            <con:credentials>
              <con:selectedAuthProfile>No Authorization</con:selectedAuthProfile>
              <con:authType>No Authorization</con:authType>
            </con:credentials>
            <con:jmsConfig JMSDeliveryMode="PERSISTENT"/>
            <con:parameters>
              <con:entry key="username" value="sky"/>
            </con:parameters>
          </con:restRequest>
        </con:config>
      </con:testStep>
      <con:properties/>
      <con:reportParameters/>
    </con:testCase>
    <con:properties/>
    <con:reportParameters/>
  </con:testSuite>
  <con:properties/>
  <con:wssContainer/>
  <con:databaseConnectionContainer/>
  <con:jmsConnectionContainer/>
  <con:oAuth2ProfileContainer/>
  <con:oAuth1ProfileContainer/>
  <con:reporting>
    <con:xmlTemplates/>
    <con:parameters/>
  </con:reporting>
  <con:eventHandlers type="RequestFilter.filterRequest" name="RequestFilter.filterRequest">
    <con:script>// Sample event script to add custom HTTP header to all outgoing REST, SOAP and HTTP(S) calls
// This code is often used for adding custom authentication to ReadyAPI functional tests

// If hardcoding the token, uncomment and change line 5
// token = '4567'

// If your token is parameterized in Project level custom property, uncomment line 8
// token = request.parent.testCase.testSuite.project.getProperty('auth_token').getValue()

// To modify all outgoing calls, remove comments from lines 11 to 16
// headers = request.requestHeaders
// if (headers.containsKey('auth_token2') == false) {
//   headers.put('auth_token2', token)
//   request.requestHeaders = headers
// }</con:script>
  </con:eventHandlers>
  <con:eventHandlers type="TestRunListener.afterStep" name="TestRunListener.afterStep">
    <con:script>// Save all test step results into files
// Change the directory path in line 5 to a location where you want to store details
// then uncomment lines 5 to 10

// filePath = 'C:\\tempOutputDirectory\\'
// fos = new java.io.FileOutputStream(filePath + testStepResult.testStep.label + '.txt', true)
// pw = new java.io.PrintWriter(fos)
// testStepResult.writeTo(pw)
// pw.close()
// fos.close()</con:script>
  </con:eventHandlers>
  <con:authRepository/>
  <con:tags/>
</con:soapui-project>
